exec VYMAZ_DATA_VSECH_TABULEK;

alter session set nls_date_format='dd.mm.yyyy';

exec VYPNI_CIZI_KLICE;

insert into postihy (id_postihy, pocet_cervenych_karet, pocet_zlutych_karet, suma_penezitych_trestu, pocet_pozitivnich_testu_doping) values (1, 2, 41, 35513, 1);
insert into postihy (id_postihy, pocet_cervenych_karet, pocet_zlutych_karet, suma_penezitych_trestu, pocet_pozitivnich_testu_doping) values (2, 9, 10, 15762, 3);
insert into postihy (id_postihy, pocet_cervenych_karet, pocet_zlutych_karet, suma_penezitych_trestu, pocet_pozitivnich_testu_doping) values (3, 2, 42, 25375, 4);
insert into postihy (id_postihy, pocet_cervenych_karet, pocet_zlutych_karet, suma_penezitych_trestu, pocet_pozitivnich_testu_doping) values (4, 1, 25, 10908, 1);
insert into postihy (id_postihy, pocet_cervenych_karet, pocet_zlutych_karet, suma_penezitych_trestu, pocet_pozitivnich_testu_doping) values (5, 8, 10, 10827, 9);
insert into postihy (id_postihy, pocet_cervenych_karet, pocet_zlutych_karet, suma_penezitych_trestu, pocet_pozitivnich_testu_doping) values (6, 9, 22, 5129, 2);
insert into postihy (id_postihy, pocet_cervenych_karet, pocet_zlutych_karet, suma_penezitych_trestu, pocet_pozitivnich_testu_doping) values (7, 7, 38, 13792, 6);
insert into postihy (id_postihy, pocet_cervenych_karet, pocet_zlutych_karet, suma_penezitych_trestu, pocet_pozitivnich_testu_doping) values (8, 8, 29, 48465, 1);
insert into postihy (id_postihy, pocet_cervenych_karet, pocet_zlutych_karet, suma_penezitych_trestu, pocet_pozitivnich_testu_doping) values (9, 8, 5, 21097, 1);
insert into postihy (id_postihy, pocet_cervenych_karet, pocet_zlutych_karet, suma_penezitych_trestu, pocet_pozitivnich_testu_doping) values (10, 2, 27, 4881, 0);
insert into postihy (id_postihy, pocet_cervenych_karet, pocet_zlutych_karet, suma_penezitych_trestu, pocet_pozitivnich_testu_doping) values (11, 2, 12, 5182, 8);
insert into postihy (id_postihy, pocet_cervenych_karet, pocet_zlutych_karet, suma_penezitych_trestu, pocet_pozitivnich_testu_doping) values (12, 7, 4, 5961, 0);
insert into postihy (id_postihy, pocet_cervenych_karet, pocet_zlutych_karet, suma_penezitych_trestu, pocet_pozitivnich_testu_doping) values (13, 0, 28, 23070, 0);
insert into postihy (id_postihy, pocet_cervenych_karet, pocet_zlutych_karet, suma_penezitych_trestu, pocet_pozitivnich_testu_doping) values (14, 8, 42, 17627, 8);
insert into postihy (id_postihy, pocet_cervenych_karet, pocet_zlutych_karet, suma_penezitych_trestu, pocet_pozitivnich_testu_doping) values (15, 0, 46, 23963, 7);
insert into postihy (id_postihy, pocet_cervenych_karet, pocet_zlutych_karet, suma_penezitych_trestu, pocet_pozitivnich_testu_doping) values (16, 9, 40, 40227, 8);
insert into postihy (id_postihy, pocet_cervenych_karet, pocet_zlutych_karet, suma_penezitych_trestu, pocet_pozitivnich_testu_doping) values (17, 0, 11, 41182, 1);
insert into postihy (id_postihy, pocet_cervenych_karet, pocet_zlutych_karet, suma_penezitych_trestu, pocet_pozitivnich_testu_doping) values (18, 3, 45, 15952, 6);
insert into postihy (id_postihy, pocet_cervenych_karet, pocet_zlutych_karet, suma_penezitych_trestu, pocet_pozitivnich_testu_doping) values (19, 4, 25, 1121, 3);
insert into postihy (id_postihy, pocet_cervenych_karet, pocet_zlutych_karet, suma_penezitych_trestu, pocet_pozitivnich_testu_doping) values (20, 4, 16, 5754, 2);
insert into postihy (id_postihy, pocet_cervenych_karet, pocet_zlutych_karet, suma_penezitych_trestu, pocet_pozitivnich_testu_doping) values (21, 2, 40, 37113, 4);
insert into postihy (id_postihy, pocet_cervenych_karet, pocet_zlutych_karet, suma_penezitych_trestu, pocet_pozitivnich_testu_doping) values (22, 9, 4, 45346, 8);
insert into postihy (id_postihy, pocet_cervenych_karet, pocet_zlutych_karet, suma_penezitych_trestu, pocet_pozitivnich_testu_doping) values (23, 2, 4, 45216, 1);
insert into postihy (id_postihy, pocet_cervenych_karet, pocet_zlutych_karet, suma_penezitych_trestu, pocet_pozitivnich_testu_doping) values (24, 10, 14, 2608, 9);
insert into postihy (id_postihy, pocet_cervenych_karet, pocet_zlutych_karet, suma_penezitych_trestu, pocet_pozitivnich_testu_doping) values (25, 4, 41, 30858, 3);
insert into postihy (id_postihy, pocet_cervenych_karet, pocet_zlutych_karet, suma_penezitych_trestu, pocet_pozitivnich_testu_doping) values (26, 7, 31, 11351, 2);
insert into postihy (id_postihy, pocet_cervenych_karet, pocet_zlutych_karet, suma_penezitych_trestu, pocet_pozitivnich_testu_doping) values (27, 3, 24, 2951, 2);
insert into postihy (id_postihy, pocet_cervenych_karet, pocet_zlutych_karet, suma_penezitych_trestu, pocet_pozitivnich_testu_doping) values (28, 9, 31, 1385, 1);
insert into postihy (id_postihy, pocet_cervenych_karet, pocet_zlutych_karet, suma_penezitych_trestu, pocet_pozitivnich_testu_doping) values (29, 1, 43, 25274, 6);
insert into postihy (id_postihy, pocet_cervenych_karet, pocet_zlutych_karet, suma_penezitych_trestu, pocet_pozitivnich_testu_doping) values (30, 2, 12, 21578, 2);
insert into postihy (id_postihy, pocet_cervenych_karet, pocet_zlutych_karet, suma_penezitych_trestu, pocet_pozitivnich_testu_doping) values (31, 8, 42, 23504, 4);
insert into postihy (id_postihy, pocet_cervenych_karet, pocet_zlutych_karet, suma_penezitych_trestu, pocet_pozitivnich_testu_doping) values (32, 9, 34, 9364, 3);
insert into postihy (id_postihy, pocet_cervenych_karet, pocet_zlutych_karet, suma_penezitych_trestu, pocet_pozitivnich_testu_doping) values (33, 1, 23, 3903, 1);
insert into postihy (id_postihy, pocet_cervenych_karet, pocet_zlutych_karet, suma_penezitych_trestu, pocet_pozitivnich_testu_doping) values (34, 3, 39, 47544, 8);
insert into postihy (id_postihy, pocet_cervenych_karet, pocet_zlutych_karet, suma_penezitych_trestu, pocet_pozitivnich_testu_doping) values (35, 1, 20, 42336, 2);
insert into postihy (id_postihy, pocet_cervenych_karet, pocet_zlutych_karet, suma_penezitych_trestu, pocet_pozitivnich_testu_doping) values (36, 7, 10, 19094, 3);
insert into postihy (id_postihy, pocet_cervenych_karet, pocet_zlutych_karet, suma_penezitych_trestu, pocet_pozitivnich_testu_doping) values (37, 5, 9, 20678, 9);
insert into postihy (id_postihy, pocet_cervenych_karet, pocet_zlutych_karet, suma_penezitych_trestu, pocet_pozitivnich_testu_doping) values (38, 9, 31, 44175, 3);
insert into postihy (id_postihy, pocet_cervenych_karet, pocet_zlutych_karet, suma_penezitych_trestu, pocet_pozitivnich_testu_doping) values (39, 6, 35, 30867, 3);
insert into postihy (id_postihy, pocet_cervenych_karet, pocet_zlutych_karet, suma_penezitych_trestu, pocet_pozitivnich_testu_doping) values (40, 7, 19, 9756, 9);
insert into postihy (id_postihy, pocet_cervenych_karet, pocet_zlutych_karet, suma_penezitych_trestu, pocet_pozitivnich_testu_doping) values (41, 9, 5, 14722, 8);
insert into postihy (id_postihy, pocet_cervenych_karet, pocet_zlutych_karet, suma_penezitych_trestu, pocet_pozitivnich_testu_doping) values (42, 6, 5, 27836, 6);
insert into postihy (id_postihy, pocet_cervenych_karet, pocet_zlutych_karet, suma_penezitych_trestu, pocet_pozitivnich_testu_doping) values (43, 8, 28, 99, 6);
insert into postihy (id_postihy, pocet_cervenych_karet, pocet_zlutych_karet, suma_penezitych_trestu, pocet_pozitivnich_testu_doping) values (44, 9, 14, 17946, 7);
insert into postihy (id_postihy, pocet_cervenych_karet, pocet_zlutych_karet, suma_penezitych_trestu, pocet_pozitivnich_testu_doping) values (45, 1, 49, 27336, 4);
insert into postihy (id_postihy, pocet_cervenych_karet, pocet_zlutych_karet, suma_penezitych_trestu, pocet_pozitivnich_testu_doping) values (46, 9, 6, 18628, 2);
insert into postihy (id_postihy, pocet_cervenych_karet, pocet_zlutych_karet, suma_penezitych_trestu, pocet_pozitivnich_testu_doping) values (47, 9, 46, 15458, 8);
insert into postihy (id_postihy, pocet_cervenych_karet, pocet_zlutych_karet, suma_penezitych_trestu, pocet_pozitivnich_testu_doping) values (48, 10, 39, 46246, 6);
insert into postihy (id_postihy, pocet_cervenych_karet, pocet_zlutych_karet, suma_penezitych_trestu, pocet_pozitivnich_testu_doping) values (49, 5, 32, 5965, 2);
insert into postihy (id_postihy, pocet_cervenych_karet, pocet_zlutych_karet, suma_penezitych_trestu, pocet_pozitivnich_testu_doping) values (50, 9, 38, 147, 5);

insert into palka (id_palka, nazev_potahu_na_forehand, nazev_potahu_na_backhand, nazev_dreva) values (1, 'Spiked Speedwell', 'Siberian Pygmyweed', 'Veronica spicata L. ssp. spicata');
insert into palka (id_palka, nazev_potahu_na_forehand, nazev_potahu_na_backhand, nazev_dreva) values (2, 'Turion Duckweed', 'Pitcherplant', 'Lemna turionifera Landolt');
insert into palka (id_palka, nazev_potahu_na_forehand, nazev_potahu_na_backhand, nazev_dreva) values (3, 'Microsorum', 'Orange Lichen', 'Microsorum Link');
insert into palka (id_palka, nazev_potahu_na_forehand, nazev_potahu_na_backhand, nazev_dreva) values (4, 'Cusick''s Bluegrass', 'False Amaranth', 'Poa cusickii Vasey ssp');
insert into palka (id_palka, nazev_potahu_na_forehand, nazev_potahu_na_backhand, nazev_dreva) values (5, 'Silk-cotton Tree', 'Salinas River Tarweed', 'Cochlospermum religiosum (L.) Alston');
insert into palka (id_palka, nazev_potahu_na_forehand, nazev_potahu_na_backhand, nazev_dreva) values (6, 'Homomallium Moss', 'Tonka Bean', 'Homomallium (Schimp.) Loeske');
insert into palka (id_palka, nazev_potahu_na_forehand, nazev_potahu_na_backhand, nazev_dreva) values (7, 'Ricefield Flatsedge', 'Broadleaf Milkvetch', 'Cyperus iria L.');
insert into palka (id_palka, nazev_potahu_na_forehand, nazev_potahu_na_backhand, nazev_dreva) values (8, 'Rough Thistle', 'Meyer''s Bamboo', 'Cirsium scabrum (Poir.) Barratte');
insert into palka (id_palka, nazev_potahu_na_forehand, nazev_potahu_na_backhand, nazev_dreva) values (9, 'Largeflower Yellow False Foxglove', 'Polynesian Twigrush', 'Aureolaria grandifloral');
insert into palka (id_palka, nazev_potahu_na_forehand, nazev_potahu_na_backhand, nazev_dreva) values (10, 'Tarweed', 'Nehe', 'Harmonia B.G. Baldw.');
insert into palka (id_palka, nazev_potahu_na_forehand, nazev_potahu_na_backhand, nazev_dreva) values (11, 'Beautyhead', 'Mock Dandelion', 'Baltimora recta L.');
insert into palka (id_palka, nazev_potahu_na_forehand, nazev_potahu_na_backhand, nazev_dreva) values (12, 'Bush''s Blackberry', 'Variegated Sedge', 'Rubus bushii L.H. Bailey');
insert into palka (id_palka, nazev_potahu_na_forehand, nazev_potahu_na_backhand, nazev_dreva) values (13, 'Basalt Milkvetch', 'Yunnan Luculia', 'Astragalus filipes Torr. ex A. Gray');
insert into palka (id_palka, nazev_potahu_na_forehand, nazev_potahu_na_backhand, nazev_dreva) values (14, 'Woolly Locoweed', 'Pink', 'Astragalus mollissimus Torr.');
insert into palka (id_palka, nazev_potahu_na_forehand, nazev_potahu_na_backhand, nazev_dreva) values (15, 'Apache Plant', 'King Bladderpod', 'Guardiola platyphylla A. Gray');
insert into palka (id_palka, nazev_potahu_na_forehand, nazev_potahu_na_backhand, nazev_dreva) values (16, 'Pale Evening Primrose', 'Stickystem Pearlwort', 'Oenothera pallida Lindl. ssp. pallida');
insert into palka (id_palka, nazev_potahu_na_forehand, nazev_potahu_na_backhand, nazev_dreva) values (17, 'Wild Guave', 'Parmotrema Lichen', 'Guettarda scabra (L.) Vent.');
insert into palka (id_palka, nazev_potahu_na_forehand, nazev_potahu_na_backhand, nazev_dreva) values (18, 'Upland Swampprivet', 'Garcinia', 'Forestiera ligustrina (Michx.) Poir.');
insert into palka (id_palka, nazev_potahu_na_forehand, nazev_potahu_na_backhand, nazev_dreva) values (19, 'White Edge Sedge', 'Shieldplant', 'Carex debilis Michx.');
insert into palka (id_palka, nazev_potahu_na_forehand, nazev_potahu_na_backhand, nazev_dreva) values (20, 'Cusick''s Pincushion', 'Turkeypeas', 'Chaenactis cusickii A. Gray');
insert into palka (id_palka, nazev_potahu_na_forehand, nazev_potahu_na_backhand, nazev_dreva) values (21, 'Ivory Nut Palm', 'American Wisteria', 'Phytelephas macrocarpa Ruiz Pav.');
insert into palka (id_palka, nazev_potahu_na_forehand, nazev_potahu_na_backhand, nazev_dreva) values (22, 'Redmahogany', 'Klamath Iris', 'Eucalyptus resinifera Sm.');
insert into palka (id_palka, nazev_potahu_na_forehand, nazev_potahu_na_backhand, nazev_dreva) values (23, 'Stokesia', 'Desert Bird''s-beak', 'Stokesia L''Hér.');
insert into palka (id_palka, nazev_potahu_na_forehand, nazev_potahu_na_backhand, nazev_dreva) values (24, 'Aleutian Rim Lichen', 'Lesica''s Draba', 'Lecanora aleutica H. Magn.');
insert into palka (id_palka, nazev_potahu_na_forehand, nazev_potahu_na_backhand, nazev_dreva) values (25, 'Wolf''s Trisetum', 'Footsteps Of Spring', 'Trisetum wolfii Vasey');
insert into palka (id_palka, nazev_potahu_na_forehand, nazev_potahu_na_backhand, nazev_dreva) values (26, 'Manystem Pea', 'Oregon Western Rosinweed', 'Lathyrus polymorphus');
insert into palka (id_palka, nazev_potahu_na_forehand, nazev_potahu_na_backhand, nazev_dreva) values (27, 'Sherard''s Downy Rose', 'Slenderleaf Clammyweed', 'Rosa sherardii Davies');
insert into palka (id_palka, nazev_potahu_na_forehand, nazev_potahu_na_backhand, nazev_dreva) values (28, 'Pacific Racomitrium Moss', 'Polyscias', 'Racomitrium pacificum Irel. Spence');
insert into palka (id_palka, nazev_potahu_na_forehand, nazev_potahu_na_backhand, nazev_dreva) values (29, 'Hawai''i Pricklyash', 'Woody Crinklemat', 'Zanthoxylum hawaiiense Hillebr.');
insert into palka (id_palka, nazev_potahu_na_forehand, nazev_potahu_na_backhand, nazev_dreva) values (30, 'Southwestern Ringstem', 'Wild Leadwort', 'Anulocaulis leiosolenus (Torr.)');
insert into palka (id_palka, nazev_potahu_na_forehand, nazev_potahu_na_backhand, nazev_dreva) values (31, 'Milkmaids', 'American Evergreen', 'Cardamine californica (Nutt.)');
insert into palka (id_palka, nazev_potahu_na_forehand, nazev_potahu_na_backhand, nazev_dreva) values (32, 'Madagascar Widow''s-thrill', 'Simpleleaf Ticktrefoil', 'Kalanchoe blossfeldiana Poelln.');
insert into palka (id_palka, nazev_potahu_na_forehand, nazev_potahu_na_backhand, nazev_dreva) values (33, 'Sixangle Foldwing', 'Toothed Skin Lichen', 'Dicliptera sexangularis (L.) Juss.');
insert into palka (id_palka, nazev_potahu_na_forehand, nazev_potahu_na_backhand, nazev_dreva) values (34, 'Swamp Rosemallow', 'Blue Mountain Buckwheat', 'Hibiscus grandiflorus Michx.');
insert into palka (id_palka, nazev_potahu_na_forehand, nazev_potahu_na_backhand, nazev_dreva) values (35, 'Peel River Catchfly', 'Lagenaria', 'Silene tayloriae (B.L. Rob.) Hultén');
insert into palka (id_palka, nazev_potahu_na_forehand, nazev_potahu_na_backhand, nazev_dreva) values (36, 'Physma Lichen', 'Shieldplant', 'Physma byrsaeum (Ach.) Müll. Arg.');
insert into palka (id_palka, nazev_potahu_na_forehand, nazev_potahu_na_backhand, nazev_dreva) values (37, 'Tall Jointweed', 'Neomarica', 'Polygonella gracilis Meisn.');
insert into palka (id_palka, nazev_potahu_na_forehand, nazev_potahu_na_backhand, nazev_dreva) values (38, 'Narrowleaf Bluecurls', 'Goodding''s Ash', 'Trichostema setaceum Houtt.');
insert into palka (id_palka, nazev_potahu_na_forehand, nazev_potahu_na_backhand, nazev_dreva) values (39, 'Herbwilliam', 'Soft Agrimony', 'Ptilimnium capillaceum (Michx.) Raf.');
insert into palka (id_palka, nazev_potahu_na_forehand, nazev_potahu_na_backhand, nazev_dreva) values (40, 'Noble Fir', 'Fir', 'Abies procera Rehder');
insert into palka (id_palka, nazev_potahu_na_forehand, nazev_potahu_na_backhand, nazev_dreva) values (41, 'Coastal Sandalwood', 'Speckled Clarkia', 'Santalum ellipticum Gaudich.');
insert into palka (id_palka, nazev_potahu_na_forehand, nazev_potahu_na_backhand, nazev_dreva) values (42, 'Sal Tree', 'Island-aster', 'Shorea robusta C.F. Gaertn.');
insert into palka (id_palka, nazev_potahu_na_forehand, nazev_potahu_na_backhand, nazev_dreva) values (43, 'Cooba', 'Twospike Larkspur', 'Acacia salicina Lindl.');
insert into palka (id_palka, nazev_potahu_na_forehand, nazev_potahu_na_backhand, nazev_dreva) values (44, 'Mojave Indian Paintbrush', 'Glandweed', 'Castilleja plagiotoma A. Gray');
insert into palka (id_palka, nazev_potahu_na_forehand, nazev_potahu_na_backhand, nazev_dreva) values (45, 'Tall Alumroot', 'Waxy Coneflower', 'Heuchera chlorantha Piper');
insert into palka (id_palka, nazev_potahu_na_forehand, nazev_potahu_na_backhand, nazev_dreva) values (46, 'Pineland Figwort', 'Sprenger''s Asparagus Fern', 'Scrophularia parviflora Wooton Standl.');
insert into palka (id_palka, nazev_potahu_na_forehand, nazev_potahu_na_backhand, nazev_dreva) values (47, 'Turgid Brachythecium Moss', 'Desert Olive', 'Brachythecium turgidum (Hartm.)');
insert into palka (id_palka, nazev_potahu_na_forehand, nazev_potahu_na_backhand, nazev_dreva) values (48, 'Whitenymph', 'Calistoga Ceanothus', 'Trepocarpus aethusae Nutt. ex DC.');
insert into palka (id_palka, nazev_potahu_na_forehand, nazev_potahu_na_backhand, nazev_dreva) values (49, 'Marsh Thistle', 'Gooseberry Gourd', 'Cirsium palustre (L.) Scop.');
insert into palka (id_palka, nazev_potahu_na_forehand, nazev_potahu_na_backhand, nazev_dreva) values (50, 'Lagotis', 'Salt Spring Checkerbloom', 'Lagotis Gaertn.');

insert into hrac (id_hrac, jmeno_a_prijmeni, pohlavi, datum_narozeni, telefonni_cislo, id_postihy, id_palka) values (1, 'Aristotle Malling', 'M', '07.07.1910', 705435189, 46, 35);
insert into hrac (id_hrac, jmeno_a_prijmeni, pohlavi, datum_narozeni, telefonni_cislo, id_postihy, id_palka) values (2, 'Willa Bertelet', 'F', '19.09.1912', 665798457, 2, 43);
insert into hrac (id_hrac, jmeno_a_prijmeni, pohlavi, datum_narozeni, telefonni_cislo, id_postihy, id_palka) values (3, 'Phaedra Toothill', 'F', '18.01.1901', 646394607, 48, 9);
insert into hrac (id_hrac, jmeno_a_prijmeni, pohlavi, datum_narozeni, telefonni_cislo, id_postihy, id_palka) values (4, 'Louis Freeman', 'M', '15.01.1980', 772445013, 13, 27);
insert into hrac (id_hrac, jmeno_a_prijmeni, pohlavi, datum_narozeni, telefonni_cislo, id_postihy, id_palka) values (5, 'Donall Kayley', 'M', '18.02.1906', 696750864, 40, 41);
insert into hrac (id_hrac, jmeno_a_prijmeni, pohlavi, datum_narozeni, telefonni_cislo, id_postihy, id_palka) values (6, 'Iggie Trenfield', 'M', '26.06.1914', 668917115, 19, 16);
insert into hrac (id_hrac, jmeno_a_prijmeni, pohlavi, datum_narozeni, telefonni_cislo, id_postihy, id_palka) values (7, 'Araldo Bealton', 'M', '14.06.1986', 650202081, 13, 8);
insert into hrac (id_hrac, jmeno_a_prijmeni, pohlavi, datum_narozeni, telefonni_cislo, id_postihy, id_palka) values (8, 'Jehu Woodgate', 'M', '08.07.1945', 690203977, 40, 17);
insert into hrac (id_hrac, jmeno_a_prijmeni, pohlavi, datum_narozeni, telefonni_cislo, id_postihy, id_palka) values (9, 'Dredi Fallanche', 'F', '31.07.1959', 768737515, 29, 34);
insert into hrac (id_hrac, jmeno_a_prijmeni, pohlavi, datum_narozeni, telefonni_cislo, id_postihy, id_palka) values (10, 'Jamison Greiswood', 'M', '21.01.1925', 669901421, 14, 46);
insert into hrac (id_hrac, jmeno_a_prijmeni, pohlavi, datum_narozeni, telefonni_cislo, id_postihy, id_palka) values (11, 'Jeralee Smart', 'F', '23.06.1987', 630405544, 25, 7);
insert into hrac (id_hrac, jmeno_a_prijmeni, pohlavi, datum_narozeni, telefonni_cislo, id_postihy, id_palka) values (12, 'Viki Stanistreet', 'F', '03.05.1922', 621724166, 1, 42);
insert into hrac (id_hrac, jmeno_a_prijmeni, pohlavi, datum_narozeni, telefonni_cislo, id_postihy, id_palka) values (13, 'Tedi Simondson', 'F', '12.04.1975', 729121919, 11, 15);
insert into hrac (id_hrac, jmeno_a_prijmeni, pohlavi, datum_narozeni, telefonni_cislo, id_postihy, id_palka) values (14, 'Zachary Infantino', 'M', '03.07.1902', 696013233, 28, 12);
insert into hrac (id_hrac, jmeno_a_prijmeni, pohlavi, datum_narozeni, telefonni_cislo, id_postihy, id_palka) values (15, 'Marthe Shorten', 'F', '27.05.1993', 707365602, 15, 32);
insert into hrac (id_hrac, jmeno_a_prijmeni, pohlavi, datum_narozeni, telefonni_cislo, id_postihy, id_palka) values (16, 'Babbie Wyatt', 'F', '26.07.1967', 776644472, 24, 40);
insert into hrac (id_hrac, jmeno_a_prijmeni, pohlavi, datum_narozeni, telefonni_cislo, id_postihy, id_palka) values (17, 'Lion Henfre', 'M', '15.05.1987', 606957807, 23, 32);
insert into hrac (id_hrac, jmeno_a_prijmeni, pohlavi, datum_narozeni, telefonni_cislo, id_postihy, id_palka) values (18, 'Tabitha Schuelcke', 'F', '05.05.1920', 742182119, 25, 25);
insert into hrac (id_hrac, jmeno_a_prijmeni, pohlavi, datum_narozeni, telefonni_cislo, id_postihy, id_palka) values (19, 'Angelina Fermoy', 'F', '30.06.1923', 770979408, 3, 34);
insert into hrac (id_hrac, jmeno_a_prijmeni, pohlavi, datum_narozeni, telefonni_cislo, id_postihy, id_palka) values (20, 'Reiko Helkin', 'F', '08.06.1960', 645555498, 19, 47);
insert into hrac (id_hrac, jmeno_a_prijmeni, pohlavi, datum_narozeni, telefonni_cislo, id_postihy, id_palka) values (21, 'Darren De Biasi', 'M', '05.11.1989', 619463830, 26, 17);
insert into hrac (id_hrac, jmeno_a_prijmeni, pohlavi, datum_narozeni, telefonni_cislo, id_postihy, id_palka) values (22, 'Lorianna Marzelo', 'F', '04.11.1938', 696414808, 34, 28);
insert into hrac (id_hrac, jmeno_a_prijmeni, pohlavi, datum_narozeni, telefonni_cislo, id_postihy, id_palka) values (23, 'Hamil Llorens', 'M', '04.06.1975', 606576104, 50, 44);
insert into hrac (id_hrac, jmeno_a_prijmeni, pohlavi, datum_narozeni, telefonni_cislo, id_postihy, id_palka) values (24, 'Louis Harman', 'M', '29.04.1983', 600375614, 31, 48);
insert into hrac (id_hrac, jmeno_a_prijmeni, pohlavi, datum_narozeni, telefonni_cislo, id_postihy, id_palka) values (25, 'Dorri Leonida', 'F', '17.01.1961', 745704276, 14, 43);
insert into hrac (id_hrac, jmeno_a_prijmeni, pohlavi, datum_narozeni, telefonni_cislo, id_postihy, id_palka) values (26, 'Silvain D''Ambrosi', 'M', '05.11.2013', 661674155, 12, 30);
insert into hrac (id_hrac, jmeno_a_prijmeni, pohlavi, datum_narozeni, telefonni_cislo, id_postihy, id_palka) values (27, 'Louis Bromwich', 'M', '02.07.1925', 629437276, 16, 28);
insert into hrac (id_hrac, jmeno_a_prijmeni, pohlavi, datum_narozeni, telefonni_cislo, id_postihy, id_palka) values (28, 'Joelly Double', 'F', '25.02.2009', 611893405, 20, 22);
insert into hrac (id_hrac, jmeno_a_prijmeni, pohlavi, datum_narozeni, telefonni_cislo, id_postihy, id_palka) values (29, 'Frannie Prigmore', 'F', '31.08.2001', 670951470, 43, 38);
insert into hrac (id_hrac, jmeno_a_prijmeni, pohlavi, datum_narozeni, telefonni_cislo, id_postihy, id_palka) values (30, 'Rosaline Butt Gow', 'F', '12.12.1951', 618722755, 19, 3);
insert into hrac (id_hrac, jmeno_a_prijmeni, pohlavi, datum_narozeni, telefonni_cislo, id_postihy, id_palka) values (31, 'Brock Piolli', 'M', '09.02.1914', 737931901, 49, 49);
insert into hrac (id_hrac, jmeno_a_prijmeni, pohlavi, datum_narozeni, telefonni_cislo, id_postihy, id_palka) values (32, 'Jory Quarrington', 'M', '20.01.1913', 622671489, 24, 9);
insert into hrac (id_hrac, jmeno_a_prijmeni, pohlavi, datum_narozeni, telefonni_cislo, id_postihy, id_palka) values (33, 'Eal Jaycock', 'M', '07.11.1980', 721075843, 30, 36);
insert into hrac (id_hrac, jmeno_a_prijmeni, pohlavi, datum_narozeni, telefonni_cislo, id_postihy, id_palka) values (34, 'Madge Goomes', 'F', '03.08.2009', 758753224, 22, 18);
insert into hrac (id_hrac, jmeno_a_prijmeni, pohlavi, datum_narozeni, telefonni_cislo, id_postihy, id_palka) values (35, 'Tremaine Rosbottom', 'M', '12.03.1922', 769343931, 46, 17);
insert into hrac (id_hrac, jmeno_a_prijmeni, pohlavi, datum_narozeni, telefonni_cislo, id_postihy, id_palka) values (36, 'Silvan Roubeix', 'M', '24.11.1902', 604337740, 5, 24);
insert into hrac (id_hrac, jmeno_a_prijmeni, pohlavi, datum_narozeni, telefonni_cislo, id_postihy, id_palka) values (37, 'Mahmud Kauscher', 'M', '08.02.1901', 778006422, 31, 49);
insert into hrac (id_hrac, jmeno_a_prijmeni, pohlavi, datum_narozeni, telefonni_cislo, id_postihy, id_palka) values (38, 'Ketty Terese', 'F', '29.04.1996', 605796850, 33, 15);
insert into hrac (id_hrac, jmeno_a_prijmeni, pohlavi, datum_narozeni, telefonni_cislo, id_postihy, id_palka) values (39, 'Marjie Titterell', 'F', '29.12.1937', 639083291, 21, 8);
insert into hrac (id_hrac, jmeno_a_prijmeni, pohlavi, datum_narozeni, telefonni_cislo, id_postihy, id_palka) values (40, 'Ignacio Warlock', 'M', '01.09.1915', 721755199, 28, 28);
insert into hrac (id_hrac, jmeno_a_prijmeni, pohlavi, datum_narozeni, telefonni_cislo, id_postihy, id_palka) values (41, 'Caryl Mettrick', 'F', '28.07.1995', 687245615, 40, 30);
insert into hrac (id_hrac, jmeno_a_prijmeni, pohlavi, datum_narozeni, telefonni_cislo, id_postihy, id_palka) values (42, 'Jeremias Siccombe', 'M', '08.12.1965', 676740090, 9, 7);
insert into hrac (id_hrac, jmeno_a_prijmeni, pohlavi, datum_narozeni, telefonni_cislo, id_postihy, id_palka) values (43, 'Ashil Rioch', 'F', '03.07.1991', 632965737, 30, 9);
insert into hrac (id_hrac, jmeno_a_prijmeni, pohlavi, datum_narozeni, telefonni_cislo, id_postihy, id_palka) values (44, 'Louis Preston', 'F', '04.08.2013', 674121109, 21, 12);
insert into hrac (id_hrac, jmeno_a_prijmeni, pohlavi, datum_narozeni, telefonni_cislo, id_postihy, id_palka) values (45, 'Blanche Meiklem', 'F', '17.07.1904', 734475405, 7, 3);
insert into hrac (id_hrac, jmeno_a_prijmeni, pohlavi, datum_narozeni, telefonni_cislo, id_postihy, id_palka) values (46, 'Augustin Latchford', 'M', '28.02.2008', 777355421, 40, 41);
insert into hrac (id_hrac, jmeno_a_prijmeni, pohlavi, datum_narozeni, telefonni_cislo, id_postihy, id_palka) values (47, 'Moses Anker', 'M', '01.04.1975', 786599054, 3, 50);
insert into hrac (id_hrac, jmeno_a_prijmeni, pohlavi, datum_narozeni, telefonni_cislo, id_postihy, id_palka) values (48, 'Tybi Meddings', 'F', '23.05.1950', 787535564, 13, 15);
insert into hrac (id_hrac, jmeno_a_prijmeni, pohlavi, datum_narozeni, telefonni_cislo, id_postihy, id_palka) values (49, 'Georgie Bowery', 'F', '08.05.1957', 630418554, 50, 14);
insert into hrac (id_hrac, jmeno_a_prijmeni, pohlavi, datum_narozeni, telefonni_cislo, id_postihy, id_palka) values (50, 'Louis Bourley', 'M', '03.12.2008', 657950877, 25, 19);

insert into adresa (id_adresa, mesto, ulice, cislo_popisne) values (1, 'Lionel Town', '78 Lakewood Gardens Trail', '3');
insert into adresa (id_adresa, mesto, ulice, cislo_popisne) values (2, 'Cinyawar', '1344 Morning Plaza', '706');
insert into adresa (id_adresa, mesto, ulice, cislo_popisne) values (3, 'Nizhniy Tagil', '2976 Jenna Street', '7012');
insert into adresa (id_adresa, mesto, ulice, cislo_popisne) values (4, 'Marseille', '347 Summit Center', '4');
insert into adresa (id_adresa, mesto, ulice, cislo_popisne) values (5, 'Nakhon Si Thammarat', '0260 Kennedy Crossing', '50527');
insert into adresa (id_adresa, mesto, ulice, cislo_popisne) values (6, 'Daga', '531 Tennyson Circle', '6139');
insert into adresa (id_adresa, mesto, ulice, cislo_popisne) values (7, 'Miedzichowo', '8323 Veith Street', '3641');
insert into adresa (id_adresa, mesto, ulice, cislo_popisne) values (8, 'Mingshan', '12 Nevada Parkway', '66856');
insert into adresa (id_adresa, mesto, ulice, cislo_popisne) values (9, 'Arroyo Naranjo', '6 Birchwood Crossing', '0975');
insert into adresa (id_adresa, mesto, ulice, cislo_popisne) values (10, 'Paris 18', '4 Almo Alley', '19912');

insert into treninkova_hala (id_treninkova_hala, rozloha, cena_pronajmu_za_mesic, id_adresa) values (1, 473, 19744, 1);
insert into treninkova_hala (id_treninkova_hala, rozloha, cena_pronajmu_za_mesic, id_adresa) values (2, 201, 7526, 5);
insert into treninkova_hala (id_treninkova_hala, rozloha, cena_pronajmu_za_mesic, id_adresa) values (3, 943, 4999, 6);
insert into treninkova_hala (id_treninkova_hala, rozloha, cena_pronajmu_za_mesic, id_adresa) values (4, 250, 12965, 8);
insert into treninkova_hala (id_treninkova_hala, rozloha, cena_pronajmu_za_mesic, id_adresa) values (5, 689, 15316, 4);
insert into treninkova_hala (id_treninkova_hala, rozloha, cena_pronajmu_za_mesic, id_adresa) values (6, 899, 17406, 10);
insert into treninkova_hala (id_treninkova_hala, rozloha, cena_pronajmu_za_mesic, id_adresa) values (7, 773, 6830, 3);
insert into treninkova_hala (id_treninkova_hala, rozloha, cena_pronajmu_za_mesic, id_adresa) values (8, 711, 4195, 9);
insert into treninkova_hala (id_treninkova_hala, rozloha, cena_pronajmu_za_mesic, id_adresa) values (9, 274, 5418, 8);
insert into treninkova_hala (id_treninkova_hala, rozloha, cena_pronajmu_za_mesic, id_adresa) values (10, 325, 3473, 2);
insert into treninkova_hala (id_treninkova_hala, rozloha, cena_pronajmu_za_mesic, id_adresa) values (11, 632, 15020, 4);
insert into treninkova_hala (id_treninkova_hala, rozloha, cena_pronajmu_za_mesic, id_adresa) values (12, 703, 6987, 1);
insert into treninkova_hala (id_treninkova_hala, rozloha, cena_pronajmu_za_mesic, id_adresa) values (13, 715, 7845, 1);
insert into treninkova_hala (id_treninkova_hala, rozloha, cena_pronajmu_za_mesic, id_adresa) values (14, 324, 5498, 7);
insert into treninkova_hala (id_treninkova_hala, rozloha, cena_pronajmu_za_mesic, id_adresa) values (15, 420, 17025, 3);

insert into oddil (id_oddil, nazev) values (1, 'TJ CVUT FIT');
insert into oddil (id_oddil, nazev) values (2, 'TJ CVUT FEL');


insert into druzstvo (id_druzstvo, nazev, pocet_hracu, jmeno_vedouciho, id_oddil, id_soutez) values (1, 'Thoughtstorm', 4, 'Nap Aleksashin', 1, 4);
insert into druzstvo (id_druzstvo, nazev, pocet_hracu, jmeno_vedouciho, id_oddil, id_soutez) values (2, 'Jayo', 5, 'Inga Mackrill', 2, 5);
insert into druzstvo (id_druzstvo, nazev, pocet_hracu, jmeno_vedouciho, id_oddil, id_soutez) values (3, 'Buzzshare', 5, 'Lura Massimi', 1, 8);
insert into druzstvo (id_druzstvo, nazev, pocet_hracu, jmeno_vedouciho, id_oddil, id_soutez) values (4, 'Twitterlist', 6, 'Maxim Killough', 1, 3);
insert into druzstvo (id_druzstvo, nazev, pocet_hracu, jmeno_vedouciho, id_oddil, id_soutez) values (5, 'Wikizz', 5, 'Jock Olenichev', 2, 7);
insert into druzstvo (id_druzstvo, nazev, pocet_hracu, jmeno_vedouciho, id_oddil, id_soutez) values (6, 'Quamba', 4, 'Pietro Angliss', 2, 3);
insert into druzstvo (id_druzstvo, nazev, pocet_hracu, jmeno_vedouciho, id_oddil, id_soutez) values (7, 'Voonder', 7, 'Moll Fairbank', 2, 7);
insert into druzstvo (id_druzstvo, nazev, pocet_hracu, jmeno_vedouciho, id_oddil, id_soutez) values (8, 'Fatz', 5, 'Olly Torbet', 1, 5);
insert into druzstvo (id_druzstvo, nazev, pocet_hracu, jmeno_vedouciho, id_oddil, id_soutez) values (9, 'Twitternation', 5, 'Shea Pelos', 1, 5);
insert into druzstvo (id_druzstvo, nazev, pocet_hracu, jmeno_vedouciho, id_oddil, id_soutez) values (10, 'Brainlounge', 4, 'Lu Heakins', 2, 9);


insert into soutez (id_soutez, nazev) values (1, 'Blognation');
insert into soutez (id_soutez, nazev) values (2, 'JumpXS');
insert into soutez (id_soutez, nazev) values (3, 'Meezzy');
insert into soutez (id_soutez, nazev) values (4, 'Trudoo');
insert into soutez (id_soutez, nazev) values (5, 'Midel');
insert into soutez (id_soutez, nazev) values (6, 'Skaboo');
insert into soutez (id_soutez, nazev) values (7, 'Oyoba');
insert into soutez (id_soutez, nazev) values (8, 'Tagcat');
insert into soutez (id_soutez, nazev) values (9, 'Zooxo');
insert into soutez (id_soutez, nazev) values (10, 'Divavu');

insert into zapasy (id_zapasy, pocet_za_sezonu, bilance_vyher_proher_remiz, uspesnost, id_hrac, id_body, id_soutez) values (1, 20, '10/10/0', 50, 1, 2, 3);
insert into zapasy (id_zapasy, pocet_za_sezonu, bilance_vyher_proher_remiz, uspesnost, id_hrac, id_body, id_soutez) values (2, 16, '10/6/0', 62, 12, 1, 2);
insert into zapasy (id_zapasy, pocet_za_sezonu, bilance_vyher_proher_remiz, uspesnost, id_hrac, id_body, id_soutez) values (3, 12, '4/8/0', 30, 23, 7, 1);
insert into zapasy (id_zapasy, pocet_za_sezonu, bilance_vyher_proher_remiz, uspesnost, id_hrac, id_body, id_soutez) values (4, 17, '5/12/0', 29, 25, 6, 4);
insert into zapasy (id_zapasy, pocet_za_sezonu, bilance_vyher_proher_remiz, uspesnost, id_hrac, id_body, id_soutez) values (5, 8, '8/0/0', 100, 32, 9, 5);
insert into zapasy (id_zapasy, pocet_za_sezonu, bilance_vyher_proher_remiz, uspesnost, id_hrac, id_body, id_soutez) values (6, 18, '10/8/0',60, 17, 5, 7);
insert into zapasy (id_zapasy, pocet_za_sezonu, bilance_vyher_proher_remiz, uspesnost, id_hrac, id_body, id_soutez) values (7, 1, '1/0/0', 100, 35, 4, 9);
insert into zapasy (id_zapasy, pocet_za_sezonu, bilance_vyher_proher_remiz, uspesnost, id_hrac, id_body, id_soutez) values (8, 6, '5/1/0', 48, 37, 3, 6);
insert into zapasy (id_zapasy, pocet_za_sezonu, bilance_vyher_proher_remiz, uspesnost, id_hrac, id_body, id_soutez) values (9, 20, '13/7/0', 65, 8, 8, 10);
insert into zapasy (id_zapasy, pocet_za_sezonu, bilance_vyher_proher_remiz, uspesnost, id_hrac, id_body, id_soutez) values (10, 1, '0/1/0', 0, 42, 10, 8);

insert into body (id_body, pocet, umisteni_v_tabulce, id_zapasy) values (1, 41, 2, 3);
insert into body (id_body, pocet, umisteni_v_tabulce, id_zapasy) values (2, 25, 7, 6);
insert into body (id_body, pocet, umisteni_v_tabulce, id_zapasy) values (3, 24, 9, 2);
insert into body (id_body, pocet, umisteni_v_tabulce, id_zapasy) values (4, 3, 20, 1);
insert into body (id_body, pocet, umisteni_v_tabulce, id_zapasy) values (5, 40, 3, 4);
insert into body (id_body, pocet, umisteni_v_tabulce, id_zapasy) values (6, 24, 12, 7);
insert into body (id_body, pocet, umisteni_v_tabulce, id_zapasy) values (7, 40, 4, 10);
insert into body (id_body, pocet, umisteni_v_tabulce, id_zapasy) values (8, 8, 17, 5);
insert into body (id_body, pocet, umisteni_v_tabulce, id_zapasy) values (9, 42, 1, 9);
insert into body (id_body, pocet, umisteni_v_tabulce, id_zapasy) values (10, 10, 15, 8);

insert into druzstvo_to_hrac (id_druzstvo, id_hrac) values (1 , 5);
insert into druzstvo_to_hrac (id_druzstvo, id_hrac) values (1 , 9);
insert into druzstvo_to_hrac (id_druzstvo, id_hrac) values (1 , 12);
insert into druzstvo_to_hrac (id_druzstvo, id_hrac) values (1 , 47);
insert into druzstvo_to_hrac (id_druzstvo, id_hrac) values (2 , 1);
insert into druzstvo_to_hrac (id_druzstvo, id_hrac) values (2 , 17);
insert into druzstvo_to_hrac (id_druzstvo, id_hrac) values (2 , 3);
insert into druzstvo_to_hrac (id_druzstvo, id_hrac) values (2 , 6);
insert into druzstvo_to_hrac (id_druzstvo, id_hrac) values (2 , 15);
insert into druzstvo_to_hrac (id_druzstvo, id_hrac) values (3 , 2);
insert into druzstvo_to_hrac (id_druzstvo, id_hrac) values (3 , 19);
insert into druzstvo_to_hrac (id_druzstvo, id_hrac) values (3 , 25);
insert into druzstvo_to_hrac (id_druzstvo, id_hrac) values (3 , 13);
insert into druzstvo_to_hrac (id_druzstvo, id_hrac) values (3 , 29);
insert into druzstvo_to_hrac (id_druzstvo, id_hrac) values (4 , 7);
insert into druzstvo_to_hrac (id_druzstvo, id_hrac) values (4 , 14);
insert into druzstvo_to_hrac (id_druzstvo, id_hrac) values (4 , 11);
insert into druzstvo_to_hrac (id_druzstvo, id_hrac) values (4 , 10);
insert into druzstvo_to_hrac (id_druzstvo, id_hrac) values (4 , 21);
insert into druzstvo_to_hrac (id_druzstvo, id_hrac) values (4 , 8);
insert into druzstvo_to_hrac (id_druzstvo, id_hrac) values (5 , 4);
insert into druzstvo_to_hrac (id_druzstvo, id_hrac) values (5 , 24);
insert into druzstvo_to_hrac (id_druzstvo, id_hrac) values (5 , 27);
insert into druzstvo_to_hrac (id_druzstvo, id_hrac) values (5 , 44);
insert into druzstvo_to_hrac (id_druzstvo, id_hrac) values (5 , 50);
insert into druzstvo_to_hrac (id_druzstvo, id_hrac) values (6 , 18);
insert into druzstvo_to_hrac (id_druzstvo, id_hrac) values (6 , 28);
insert into druzstvo_to_hrac (id_druzstvo, id_hrac) values (6 , 36);
insert into druzstvo_to_hrac (id_druzstvo, id_hrac) values (6 , 20);
insert into druzstvo_to_hrac (id_druzstvo, id_hrac) values (7 , 39);
insert into druzstvo_to_hrac (id_druzstvo, id_hrac) values (7 , 45);
insert into druzstvo_to_hrac (id_druzstvo, id_hrac) values (7 , 31);
insert into druzstvo_to_hrac (id_druzstvo, id_hrac) values (7 , 49);
insert into druzstvo_to_hrac (id_druzstvo, id_hrac) values (7 , 23);
insert into druzstvo_to_hrac (id_druzstvo, id_hrac) values (7 , 46);
insert into druzstvo_to_hrac (id_druzstvo, id_hrac) values (7 , 22);
insert into druzstvo_to_hrac (id_druzstvo, id_hrac) values (8 , 48);
insert into druzstvo_to_hrac (id_druzstvo, id_hrac) values (8 , 33);
insert into druzstvo_to_hrac (id_druzstvo, id_hrac) values (8 , 26);
insert into druzstvo_to_hrac (id_druzstvo, id_hrac) values (8 , 35);
insert into druzstvo_to_hrac (id_druzstvo, id_hrac) values (8 , 40);
insert into druzstvo_to_hrac (id_druzstvo, id_hrac) values (9 , 32);
insert into druzstvo_to_hrac (id_druzstvo, id_hrac) values (9 , 38);
insert into druzstvo_to_hrac (id_druzstvo, id_hrac) values (9 , 41);
insert into druzstvo_to_hrac (id_druzstvo, id_hrac) values (9 , 30);
insert into druzstvo_to_hrac (id_druzstvo, id_hrac) values (9 , 43);
insert into druzstvo_to_hrac (id_druzstvo, id_hrac) values (10 , 34);
insert into druzstvo_to_hrac (id_druzstvo, id_hrac) values (10 , 42);
insert into druzstvo_to_hrac (id_druzstvo, id_hrac) values (10 , 16);
insert into druzstvo_to_hrac (id_druzstvo, id_hrac) values (10 , 37);

insert into druzstvo_to_hala (id_druzstvo, id_treninkova_hala) values (2 , 12);
insert into druzstvo_to_hala (id_druzstvo, id_treninkova_hala) values (4 , 7);
insert into druzstvo_to_hala (id_druzstvo, id_treninkova_hala) values (5, 6);
insert into druzstvo_to_hala (id_druzstvo, id_treninkova_hala) values (1 , 5);
insert into druzstvo_to_hala (id_druzstvo, id_treninkova_hala) values (10 ,15 );
insert into druzstvo_to_hala (id_druzstvo, id_treninkova_hala) values (9 , 14);
insert into druzstvo_to_hala (id_druzstvo, id_treninkova_hala) values (7 , 3);
insert into druzstvo_to_hala (id_druzstvo, id_treninkova_hala) values (1 , 10);
insert into druzstvo_to_hala (id_druzstvo, id_treninkova_hala) values (6 , 7);
insert into druzstvo_to_hala (id_druzstvo, id_treninkova_hala) values (5 , 8);
insert into druzstvo_to_hala (id_druzstvo, id_treninkova_hala) values (9 , 9);
insert into druzstvo_to_hala (id_druzstvo, id_treninkova_hala) values (3 , 11);
insert into druzstvo_to_hala (id_druzstvo, id_treninkova_hala) values (4 , 2);
insert into druzstvo_to_hala (id_druzstvo, id_treninkova_hala) values (8 , 1);
insert into druzstvo_to_hala (id_druzstvo, id_treninkova_hala) values (1 , 4);

insert into micky (id_vybaveni, kvalita_pocet_hvezdicek, prumer) values (1, 2, 38);
insert into micky (id_vybaveni, kvalita_pocet_hvezdicek, prumer) values (2, 1, 39);
insert into micky (id_vybaveni, kvalita_pocet_hvezdicek, prumer) values (3, 2, 41);
insert into micky (id_vybaveni, kvalita_pocet_hvezdicek, prumer) values (4, 1, 39);
insert into micky (id_vybaveni, kvalita_pocet_hvezdicek, prumer) values (5, 2, 39);
insert into micky (id_vybaveni, kvalita_pocet_hvezdicek, prumer) values (6, 2, 38);
insert into micky (id_vybaveni, kvalita_pocet_hvezdicek, prumer) values (7, 3, 39);
insert into micky (id_vybaveni, kvalita_pocet_hvezdicek, prumer) values (8, 1, 40);
insert into micky (id_vybaveni, kvalita_pocet_hvezdicek, prumer) values (9, 1, 39);
insert into micky (id_vybaveni, kvalita_pocet_hvezdicek, prumer) values (10, 1, 38);
insert into micky (id_vybaveni, kvalita_pocet_hvezdicek, prumer) values (11, 3, 41);
insert into micky (id_vybaveni, kvalita_pocet_hvezdicek, prumer) values (12, 2, 40);
insert into micky (id_vybaveni, kvalita_pocet_hvezdicek, prumer) values (13, 3, 39);
insert into micky (id_vybaveni, kvalita_pocet_hvezdicek, prumer) values (14, 2, 41);
insert into micky (id_vybaveni, kvalita_pocet_hvezdicek, prumer) values (15, 2, 39);
insert into micky (id_vybaveni, kvalita_pocet_hvezdicek, prumer) values (16, 2, 39);
insert into micky (id_vybaveni, kvalita_pocet_hvezdicek, prumer) values (17, 3, 38);
insert into micky (id_vybaveni, kvalita_pocet_hvezdicek, prumer) values (18, 3, 41);
insert into micky (id_vybaveni, kvalita_pocet_hvezdicek, prumer) values (19, 3, 39);
insert into micky (id_vybaveni, kvalita_pocet_hvezdicek, prumer) values (20, 1, 39);

insert into prepazky (id_vybaveni, barva, rozmery) values (21, 'Turquoise', 20);
insert into prepazky (id_vybaveni, barva, rozmery) values (22, 'Crimson', 17);
insert into prepazky (id_vybaveni, barva, rozmery) values (23, 'Blue', 12);
insert into prepazky (id_vybaveni, barva, rozmery) values (24, 'Violet', 17);
insert into prepazky (id_vybaveni, barva, rozmery) values (25, 'Aquamarine', 11);
insert into prepazky (id_vybaveni, barva, rozmery) values (26, 'Red', 10);
insert into prepazky (id_vybaveni, barva, rozmery) values (27, 'Red', 18);
insert into prepazky (id_vybaveni, barva, rozmery) values (28, 'Mauv', 16);
insert into prepazky (id_vybaveni, barva, rozmery) values (29, 'Mauv', 17);
insert into prepazky (id_vybaveni, barva, rozmery) values (30, 'Pink', 12);
insert into prepazky (id_vybaveni, barva, rozmery) values (31, 'Maroon', 13);
insert into prepazky (id_vybaveni, barva, rozmery) values (32, 'Indigo', 18);
insert into prepazky (id_vybaveni, barva, rozmery) values (33, 'Purple', 20);
insert into prepazky (id_vybaveni, barva, rozmery) values (34, 'Aquamarine', 18);
insert into prepazky (id_vybaveni, barva, rozmery) values (35, 'Goldenrod', 13);
insert into prepazky (id_vybaveni, barva, rozmery) values (36, 'Mauv', 12);
insert into prepazky (id_vybaveni, barva, rozmery) values (37, 'Mauv', 16);
insert into prepazky (id_vybaveni, barva, rozmery) values (38, 'Purple', 11);
insert into prepazky (id_vybaveni, barva, rozmery) values (39, 'Yellow', 13);
insert into prepazky (id_vybaveni, barva, rozmery) values (40, 'Indigo', 17);

insert into stoly (id_vybaveni, barva_povrchu, rozmery, vaha) values (41, 1, 41, 72);
insert into stoly (id_vybaveni, barva_povrchu, rozmery, vaha) values (42, 1, 40, 62);
insert into stoly (id_vybaveni, barva_povrchu, rozmery, vaha) values (43, 2, 40, 63);
insert into stoly (id_vybaveni, barva_povrchu, rozmery, vaha) values (44, 1, 41, 77);
insert into stoly (id_vybaveni, barva_povrchu, rozmery, vaha) values (45, 1, 38, 62);
insert into stoly (id_vybaveni, barva_povrchu, rozmery, vaha) values (46, 1, 40, 76);
insert into stoly (id_vybaveni, barva_povrchu, rozmery, vaha) values (47, 1, 40, 72);
insert into stoly (id_vybaveni, barva_povrchu, rozmery, vaha) values (48, 1, 40, 67);
insert into stoly (id_vybaveni, barva_povrchu, rozmery, vaha) values (49, 1, 41, 85);
insert into stoly (id_vybaveni, barva_povrchu, rozmery, vaha) values (50, 2, 38, 90);
insert into stoly (id_vybaveni, barva_povrchu, rozmery, vaha) values (51, 2, 41, 85);
insert into stoly (id_vybaveni, barva_povrchu, rozmery, vaha) values (52, 1, 38, 64);
insert into stoly (id_vybaveni, barva_povrchu, rozmery, vaha) values (53, 1, 41, 76);
insert into stoly (id_vybaveni, barva_povrchu, rozmery, vaha) values (54, 3, 38, 69);
insert into stoly (id_vybaveni, barva_povrchu, rozmery, vaha) values (55, 3, 41, 88);
insert into stoly (id_vybaveni, barva_povrchu, rozmery, vaha) values (56, 1, 39, 66);
insert into stoly (id_vybaveni, barva_povrchu, rozmery, vaha) values (57, 2, 38, 90);
insert into stoly (id_vybaveni, barva_povrchu, rozmery, vaha) values (58, 1, 41, 70);
insert into stoly (id_vybaveni, barva_povrchu, rozmery, vaha) values (59, 1, 39, 65);
insert into stoly (id_vybaveni, barva_povrchu, rozmery, vaha) values (60, 2, 39, 61);

insert into vybaveni (id_vybaveni, pocet, znacka, vybaveni_type) values (1, 9, 'Donic', 'MICKY');
insert into vybaveni (id_vybaveni, pocet, znacka, vybaveni_type) values (2, 66, 'Butterfly', 'MICKY');
insert into vybaveni (id_vybaveni, pocet, znacka, vybaveni_type) values (3, 52, 'Stiga', 'MICKY');
insert into vybaveni (id_vybaveni, pocet, znacka, vybaveni_type) values (4, 10, 'Butterfly', 'MICKY');
insert into vybaveni (id_vybaveni, pocet, znacka, vybaveni_type) values (5, 37, 'Donic', 'MICKY');
insert into vybaveni (id_vybaveni, pocet, znacka, vybaveni_type) values (6, 6, 'Butterfly', 'MICKY');
insert into vybaveni (id_vybaveni, pocet, znacka, vybaveni_type) values (7, 4, 'Donic', 'MICKY');
insert into vybaveni (id_vybaveni, pocet, znacka, vybaveni_type) values (8, 99, 'Butterfly', 'MICKY');
insert into vybaveni (id_vybaveni, pocet, znacka, vybaveni_type) values (9, 10, 'Donic', 'MICKY');
insert into vybaveni (id_vybaveni, pocet, znacka, vybaveni_type) values (10, 92, 'Donic', 'MICKY');
insert into vybaveni (id_vybaveni, pocet, znacka, vybaveni_type) values (11, 90, 'Butterfly', 'MICKY');
insert into vybaveni (id_vybaveni, pocet, znacka, vybaveni_type) values (12, 50, 'Donic', 'MICKY');
insert into vybaveni (id_vybaveni, pocet, znacka, vybaveni_type) values (13, 16, 'Stiga', 'MICKY');
insert into vybaveni (id_vybaveni, pocet, znacka, vybaveni_type) values (14, 2, 'Donic', 'MICKY');
insert into vybaveni (id_vybaveni, pocet, znacka, vybaveni_type) values (15, 77, 'Stiga', 'MICKY');
insert into vybaveni (id_vybaveni, pocet, znacka, vybaveni_type) values (16, 7, 'Donic', 'MICKY');
insert into vybaveni (id_vybaveni, pocet, znacka, vybaveni_type) values (17, 7, 'Stiga', 'MICKY');
insert into vybaveni (id_vybaveni, pocet, znacka, vybaveni_type) values (18, 35, 'Donic', 'MICKY');
insert into vybaveni (id_vybaveni, pocet, znacka, vybaveni_type) values (19, 76, 'Stiga', 'MICKY');
insert into vybaveni (id_vybaveni, pocet, znacka, vybaveni_type) values (20, 9, 'Donic', 'MICKY');
insert into vybaveni (id_vybaveni, pocet, znacka, vybaveni_type) values (21, 8, 'Butterfly', 'PREPAZKY');
insert into vybaveni (id_vybaveni, pocet, znacka, vybaveni_type) values (22, 9, 'Butterfly', 'PREPAZKY');
insert into vybaveni (id_vybaveni, pocet, znacka, vybaveni_type) values (23, 7, 'Donic', 'PREPAZKY');
insert into vybaveni (id_vybaveni, pocet, znacka, vybaveni_type) values (24, 11, 'Butterfly', 'PREPAZKY');
insert into vybaveni (id_vybaveni, pocet, znacka, vybaveni_type) values (25, 8, 'Donic', 'PREPAZKY');
insert into vybaveni (id_vybaveni, pocet, znacka, vybaveni_type) values (26, 4, 'Butterfly', 'PREPAZKY');
insert into vybaveni (id_vybaveni, pocet, znacka, vybaveni_type) values (27, 10, 'Donic', 'PREPAZKY');
insert into vybaveni (id_vybaveni, pocet, znacka, vybaveni_type) values (28, 8, 'Butterfly', 'PREPAZKY');
insert into vybaveni (id_vybaveni, pocet, znacka, vybaveni_type) values (29, 20, 'Butterfly', 'PREPAZKY');
insert into vybaveni (id_vybaveni, pocet, znacka, vybaveni_type) values (30, 11, 'Donic', 'PREPAZKY');
insert into vybaveni (id_vybaveni, pocet, znacka, vybaveni_type) values (31, 6, 'Donic', 'PREPAZKY');
insert into vybaveni (id_vybaveni, pocet, znacka, vybaveni_type) values (32, 8, 'Donic', 'PREPAZKY');
insert into vybaveni (id_vybaveni, pocet, znacka, vybaveni_type) values (33, 5, 'Donic', 'PREPAZKY');
insert into vybaveni (id_vybaveni, pocet, znacka, vybaveni_type) values (34, 6, 'Butterfly', 'PREPAZKY');
insert into vybaveni (id_vybaveni, pocet, znacka, vybaveni_type) values (35, 5, 'Butterfly', 'PREPAZKY');
insert into vybaveni (id_vybaveni, pocet, znacka, vybaveni_type) values (36, 4, 'Donic', 'PREPAZKY');
insert into vybaveni (id_vybaveni, pocet, znacka, vybaveni_type) values (37, 4, 'Stiga', 'PREPAZKY');
insert into vybaveni (id_vybaveni, pocet, znacka, vybaveni_type) values (38, 7, 'Donic', 'PREPAZKY');
insert into vybaveni (id_vybaveni, pocet, znacka, vybaveni_type) values (39, 6, 'Butterfly', 'PREPAZKY');
insert into vybaveni (id_vybaveni, pocet, znacka, vybaveni_type) values (40, 1, 'Butterfly', 'PREPAZKY');
insert into vybaveni (id_vybaveni, pocet, znacka, vybaveni_type) values (41, 8, 'Donic', 'STOLY');
insert into vybaveni (id_vybaveni, pocet, znacka, vybaveni_type) values (42, 7, 'Donic', 'STOLY');
insert into vybaveni (id_vybaveni, pocet, znacka, vybaveni_type) values (43, 5, 'Stiga', 'STOLY');
insert into vybaveni (id_vybaveni, pocet, znacka, vybaveni_type) values (44, 4, 'Donic', 'STOLY');
insert into vybaveni (id_vybaveni, pocet, znacka, vybaveni_type) values (45, 8, 'Butterfly', 'STOLY');
insert into vybaveni (id_vybaveni, pocet, znacka, vybaveni_type) values (46, 4, 'Stiga', 'STOLY');
insert into vybaveni (id_vybaveni, pocet, znacka, vybaveni_type) values (47, 12, 'Donic', 'STOLY');
insert into vybaveni (id_vybaveni, pocet, znacka, vybaveni_type) values (48, 6, 'Butterfly', 'STOLY');
insert into vybaveni (id_vybaveni, pocet, znacka, vybaveni_type) values (49, 10, 'Stiga', 'STOLY');
insert into vybaveni (id_vybaveni, pocet, znacka, vybaveni_type) values (50, 10, 'Donic', 'STOLY');
insert into vybaveni (id_vybaveni, pocet, znacka, vybaveni_type) values (51, 3, 'Stiga', 'STOLY');
insert into vybaveni (id_vybaveni, pocet, znacka, vybaveni_type) values (52, 4, 'Stiga', 'STOLY');
insert into vybaveni (id_vybaveni, pocet, znacka, vybaveni_type) values (53, 6, 'Donic', 'STOLY');
insert into vybaveni (id_vybaveni, pocet, znacka, vybaveni_type) values (54, 5, 'Donic', 'STOLY');
insert into vybaveni (id_vybaveni, pocet, znacka, vybaveni_type) values (55, 10, 'Butterfly', 'STOLY');
insert into vybaveni (id_vybaveni, pocet, znacka, vybaveni_type) values (56, 7, 'Donic', 'STOLY');
insert into vybaveni (id_vybaveni, pocet, znacka, vybaveni_type) values (57, 5, 'Butterfly', 'STOLY');
insert into vybaveni (id_vybaveni, pocet, znacka, vybaveni_type) values (58, 1, 'Butterfly', 'STOLY');
insert into vybaveni (id_vybaveni, pocet, znacka, vybaveni_type) values (59, 6, 'Donic', 'STOLY');
insert into vybaveni (id_vybaveni, pocet, znacka, vybaveni_type) values (60, 7, 'Donic', 'STOLY');

insert into hala_to_micky (id_treninkova_hala, id_vybaveni) values ( 1, 1);
insert into hala_to_micky (id_treninkova_hala, id_vybaveni) values ( 3, 3);
insert into hala_to_micky (id_treninkova_hala, id_vybaveni) values ( 5, 9);
insert into hala_to_micky (id_treninkova_hala, id_vybaveni) values ( 12, 4);
insert into hala_to_micky (id_treninkova_hala, id_vybaveni) values ( 14, 6);
insert into hala_to_micky (id_treninkova_hala, id_vybaveni) values ( 7, 7);
insert into hala_to_micky (id_treninkova_hala, id_vybaveni) values ( 9, 12);
insert into hala_to_micky (id_treninkova_hala, id_vybaveni) values ( 6, 4);
insert into hala_to_micky (id_treninkova_hala, id_vybaveni) values ( 4, 16);
insert into hala_to_micky (id_treninkova_hala, id_vybaveni) values ( 6, 20);
insert into hala_to_micky (id_treninkova_hala, id_vybaveni) values ( 2, 14);
insert into hala_to_micky (id_treninkova_hala, id_vybaveni) values ( 8, 15);
insert into hala_to_micky (id_treninkova_hala, id_vybaveni) values ( 7, 6);
insert into hala_to_micky (id_treninkova_hala, id_vybaveni) values ( 10, 4);
insert into hala_to_micky (id_treninkova_hala, id_vybaveni) values ( 6, 18);
insert into hala_to_micky (id_treninkova_hala, id_vybaveni) values ( 13, 12);
insert into hala_to_micky (id_treninkova_hala, id_vybaveni) values ( 1, 6);
insert into hala_to_micky (id_treninkova_hala, id_vybaveni) values (11 , 1);
insert into hala_to_micky (id_treninkova_hala, id_vybaveni) values ( 11, 2);
insert into hala_to_micky (id_treninkova_hala, id_vybaveni) values ( 15, 9);

insert into hala_to_stoly (id_treninkova_hala, id_vybaveni) values (3 , 41);
insert into hala_to_stoly (id_treninkova_hala, id_vybaveni) values (5 , 45);
insert into hala_to_stoly (id_treninkova_hala, id_vybaveni) values (6 , 42);
insert into hala_to_stoly (id_treninkova_hala, id_vybaveni) values (15 , 44);
insert into hala_to_stoly (id_treninkova_hala, id_vybaveni) values (10 , 51);
insert into hala_to_stoly (id_treninkova_hala, id_vybaveni) values (9 , 56);
insert into hala_to_stoly (id_treninkova_hala, id_vybaveni) values (12 , 46);
insert into hala_to_stoly (id_treninkova_hala, id_vybaveni) values (1 , 53);
insert into hala_to_stoly (id_treninkova_hala, id_vybaveni) values (2 , 57);
insert into hala_to_stoly (id_treninkova_hala, id_vybaveni) values (8 , 52);
insert into hala_to_stoly (id_treninkova_hala, id_vybaveni) values (5 , 47);
insert into hala_to_stoly (id_treninkova_hala, id_vybaveni) values (4 , 55);
insert into hala_to_stoly (id_treninkova_hala, id_vybaveni) values (14 , 48);
insert into hala_to_stoly (id_treninkova_hala, id_vybaveni) values (7 , 60);
insert into hala_to_stoly (id_treninkova_hala, id_vybaveni) values (6 , 54);
insert into hala_to_stoly (id_treninkova_hala, id_vybaveni) values (11 , 58);
insert into hala_to_stoly (id_treninkova_hala, id_vybaveni) values (3 , 49);
insert into hala_to_stoly (id_treninkova_hala, id_vybaveni) values (13 , 53);
insert into hala_to_stoly (id_treninkova_hala, id_vybaveni) values (10 , 59);
insert into hala_to_stoly (id_treninkova_hala, id_vybaveni) values (9 , 50);

insert into hala_to_prepazky (id_treninkova_hala, id_vybaveni) values (1, 21);
insert into hala_to_prepazky (id_treninkova_hala, id_vybaveni) values (8 , 29);
insert into hala_to_prepazky (id_treninkova_hala, id_vybaveni) values (14 , 32);
insert into hala_to_prepazky (id_treninkova_hala, id_vybaveni) values (2 , 22);
insert into hala_to_prepazky (id_treninkova_hala, id_vybaveni) values (10 , 28);
insert into hala_to_prepazky (id_treninkova_hala, id_vybaveni) values (3 , 27);
insert into hala_to_prepazky (id_treninkova_hala, id_vybaveni) values (4 , 33);
insert into hala_to_prepazky (id_treninkova_hala, id_vybaveni) values (6 , 38);
insert into hala_to_prepazky (id_treninkova_hala, id_vybaveni) values (15 ,23 );
insert into hala_to_prepazky (id_treninkova_hala, id_vybaveni) values (4 , 31);
insert into hala_to_prepazky (id_treninkova_hala, id_vybaveni) values (12 , 25);
insert into hala_to_prepazky (id_treninkova_hala, id_vybaveni) values (5 , 30);
insert into hala_to_prepazky (id_treninkova_hala, id_vybaveni) values (9 , 39);
insert into hala_to_prepazky (id_treninkova_hala, id_vybaveni) values (9 , 24);
insert into hala_to_prepazky (id_treninkova_hala, id_vybaveni) values (8 , 40);
insert into hala_to_prepazky (id_treninkova_hala, id_vybaveni) values (13 , 34);
insert into hala_to_prepazky (id_treninkova_hala, id_vybaveni) values (5 , 37);
insert into hala_to_prepazky (id_treninkova_hala, id_vybaveni) values (7 , 35);
insert into hala_to_prepazky (id_treninkova_hala, id_vybaveni) values (11 , 26);
insert into hala_to_prepazky (id_treninkova_hala, id_vybaveni) values (7 , 36);

insert into sponzor (id_sponzor, nazev) values (1, 'Oyonder');
insert into sponzor (id_sponzor, nazev) values (2, 'Mymm');
insert into sponzor (id_sponzor, nazev) values (3, 'Skippad');
insert into sponzor (id_sponzor, nazev) values (4, 'Shuffledrive');
insert into sponzor (id_sponzor, nazev) values (5, 'Agimba');
insert into sponzor (id_sponzor, nazev) values (6, 'Eazzy');
insert into sponzor (id_sponzor, nazev) values (7, 'Voomm');
insert into sponzor (id_sponzor, nazev) values (8, 'Linkbridge');
insert into sponzor (id_sponzor, nazev) values (9, 'Jaxbean');
insert into sponzor (id_sponzor, nazev) values (10, 'Gabcube');
insert into sponzor (id_sponzor, nazev) values (11, 'Devpoint');
insert into sponzor (id_sponzor, nazev) values (12, 'Teklist');
insert into sponzor (id_sponzor, nazev) values (13, 'Twitterbridge');
insert into sponzor (id_sponzor, nazev) values (14, 'Meevee');
insert into sponzor (id_sponzor, nazev) values (15, 'Livefish');
insert into sponzor (id_sponzor, nazev) values (16, 'Meetz');
insert into sponzor (id_sponzor, nazev) values (17, 'Centidel');
insert into sponzor (id_sponzor, nazev) values (18, 'Thoughtsphere');
insert into sponzor (id_sponzor, nazev) values (19, 'Zoozzy');
insert into sponzor (id_sponzor, nazev) values (20, 'Realcube');
insert into sponzor (id_sponzor, nazev) values (21, 'Kazio');
insert into sponzor (id_sponzor, nazev) values (22, 'Shufflebeat');
insert into sponzor (id_sponzor, nazev) values (23, 'Thoughtmix');
insert into sponzor (id_sponzor, nazev) values (24, 'Divanoodle');
insert into sponzor (id_sponzor, nazev) values (25, 'Linkbuzz');
insert into sponzor (id_sponzor, nazev) values (26, 'Devpulse');
insert into sponzor (id_sponzor, nazev) values (27, 'Tagpad');
insert into sponzor (id_sponzor, nazev) values (28, 'Brightdog');
insert into sponzor (id_sponzor, nazev) values (29, 'Gabspot');
insert into sponzor (id_sponzor, nazev) values (30, 'Shufflebeat');
insert into sponzor (id_sponzor, nazev) values (31, 'Youspan');
insert into sponzor (id_sponzor, nazev) values (32, 'Voolia');
insert into sponzor (id_sponzor, nazev) values (33, 'Rhycero');
insert into sponzor (id_sponzor, nazev) values (34, 'Brainsphere');
insert into sponzor (id_sponzor, nazev) values (35, 'Trilia');
insert into sponzor (id_sponzor, nazev) values (36, 'Feedfire');
insert into sponzor (id_sponzor, nazev) values (37, 'Skidoo');
insert into sponzor (id_sponzor, nazev) values (38, 'Twitterbeat');
insert into sponzor (id_sponzor, nazev) values (39, 'Gabspot');
insert into sponzor (id_sponzor, nazev) values (40, 'Trupe');
insert into sponzor (id_sponzor, nazev) values (41, 'Wordpedia');
insert into sponzor (id_sponzor, nazev) values (42, 'Jazzy');
insert into sponzor (id_sponzor, nazev) values (43, 'Zoonoodle');
insert into sponzor (id_sponzor, nazev) values (44, 'Devshare');
insert into sponzor (id_sponzor, nazev) values (45, 'Wordware');
insert into sponzor (id_sponzor, nazev) values (46, 'Gabvine');
insert into sponzor (id_sponzor, nazev) values (47, 'Einti');
insert into sponzor (id_sponzor, nazev) values (48, 'Ntag');
insert into sponzor (id_sponzor, nazev) values (49, 'Meevee');
insert into sponzor (id_sponzor, nazev) values (50, 'Ntags');
insert into sponzor (id_sponzor, nazev) values (51, 'Camido');
insert into sponzor (id_sponzor, nazev) values (52, 'Photofeed');
insert into sponzor (id_sponzor, nazev) values (53, 'Mymm');
insert into sponzor (id_sponzor, nazev) values (54, 'Skalith');
insert into sponzor (id_sponzor, nazev) values (55, 'Rhyzio');
insert into sponzor (id_sponzor, nazev) values (56, 'Jabbersphere');
insert into sponzor (id_sponzor, nazev) values (57, 'Gigaclub');
insert into sponzor (id_sponzor, nazev) values (58, 'Linkbridge');
insert into sponzor (id_sponzor, nazev) values (59, 'Quire');
insert into sponzor (id_sponzor, nazev) values (60, 'Kwilith');

insert into stoly_to_sponzor (id_vybaveni, id_sponzor) values (46, 9);
insert into stoly_to_sponzor (id_vybaveni, id_sponzor) values (58, 5);
insert into stoly_to_sponzor (id_vybaveni, id_sponzor) values (43, 25);
insert into stoly_to_sponzor (id_vybaveni, id_sponzor) values (51, 20);
insert into stoly_to_sponzor (id_vybaveni, id_sponzor) values (53, 37);
insert into stoly_to_sponzor (id_vybaveni, id_sponzor) values (54, 30);
insert into stoly_to_sponzor (id_vybaveni, id_sponzor) values (51, 55);
insert into stoly_to_sponzor (id_vybaveni, id_sponzor) values (52, 35);
insert into stoly_to_sponzor (id_vybaveni, id_sponzor) values (50, 44);
insert into stoly_to_sponzor (id_vybaveni, id_sponzor) values (43, 56);
insert into stoly_to_sponzor (id_vybaveni, id_sponzor) values (41, 50);
insert into stoly_to_sponzor (id_vybaveni, id_sponzor) values (42, 33);
insert into stoly_to_sponzor (id_vybaveni, id_sponzor) values (43, 22);
insert into stoly_to_sponzor (id_vybaveni, id_sponzor) values (49, 30);
insert into stoly_to_sponzor (id_vybaveni, id_sponzor) values (54, 25);
insert into stoly_to_sponzor (id_vybaveni, id_sponzor) values (58, 4);
insert into stoly_to_sponzor (id_vybaveni, id_sponzor) values (51, 19);
insert into stoly_to_sponzor (id_vybaveni, id_sponzor) values (47, 33);
insert into stoly_to_sponzor (id_vybaveni, id_sponzor) values (60, 37);
insert into stoly_to_sponzor (id_vybaveni, id_sponzor) values (41, 32);

insert into prepazky_to_sponzor (id_vybaveni, id_sponzor) values (21, 8);
insert into prepazky_to_sponzor (id_vybaveni, id_sponzor) values (25, 4);
insert into prepazky_to_sponzor (id_vybaveni, id_sponzor) values (39, 9);
insert into prepazky_to_sponzor (id_vybaveni, id_sponzor) values (27, 39);
insert into prepazky_to_sponzor (id_vybaveni, id_sponzor) values (36, 36);
insert into prepazky_to_sponzor (id_vybaveni, id_sponzor) values (29, 13);
insert into prepazky_to_sponzor (id_vybaveni, id_sponzor) values (26, 17);
insert into prepazky_to_sponzor (id_vybaveni, id_sponzor) values (21, 52);
insert into prepazky_to_sponzor (id_vybaveni, id_sponzor) values (32, 28);
insert into prepazky_to_sponzor (id_vybaveni, id_sponzor) values (29, 43);
insert into prepazky_to_sponzor (id_vybaveni, id_sponzor) values (21, 6);
insert into prepazky_to_sponzor (id_vybaveni, id_sponzor) values (30, 34);
insert into prepazky_to_sponzor (id_vybaveni, id_sponzor) values (34, 7);
insert into prepazky_to_sponzor (id_vybaveni, id_sponzor) values (25, 30);
insert into prepazky_to_sponzor (id_vybaveni, id_sponzor) values (31, 17);
insert into prepazky_to_sponzor (id_vybaveni, id_sponzor) values (21, 49);
insert into prepazky_to_sponzor (id_vybaveni, id_sponzor) values (22, 47);
insert into prepazky_to_sponzor (id_vybaveni, id_sponzor) values (31, 16);
insert into prepazky_to_sponzor (id_vybaveni, id_sponzor) values (39, 59);
insert into prepazky_to_sponzor (id_vybaveni, id_sponzor) values (38, 35);

insert into micky_to_sponzor (id_vybaveni, id_sponzor) values (7, 16);
insert into micky_to_sponzor (id_vybaveni, id_sponzor) values (1, 25);
insert into micky_to_sponzor (id_vybaveni, id_sponzor) values (14, 51);
insert into micky_to_sponzor (id_vybaveni, id_sponzor) values (4, 49);
insert into micky_to_sponzor (id_vybaveni, id_sponzor) values (12, 12);
insert into micky_to_sponzor (id_vybaveni, id_sponzor) values (8, 27);
insert into micky_to_sponzor (id_vybaveni, id_sponzor) values (13, 40);
insert into micky_to_sponzor (id_vybaveni, id_sponzor) values (3, 55);
insert into micky_to_sponzor (id_vybaveni, id_sponzor) values (2, 12);
insert into micky_to_sponzor (id_vybaveni, id_sponzor) values (17, 50);
insert into micky_to_sponzor (id_vybaveni, id_sponzor) values (12, 37);
insert into micky_to_sponzor (id_vybaveni, id_sponzor) values (18, 17);
insert into micky_to_sponzor (id_vybaveni, id_sponzor) values (18, 54);
insert into micky_to_sponzor (id_vybaveni, id_sponzor) values (14, 20);
insert into micky_to_sponzor (id_vybaveni, id_sponzor) values (5, 11);
insert into micky_to_sponzor (id_vybaveni, id_sponzor) values (4, 22);
insert into micky_to_sponzor (id_vybaveni, id_sponzor) values (19, 41);
insert into micky_to_sponzor (id_vybaveni, id_sponzor) values (8, 43);
insert into micky_to_sponzor (id_vybaveni, id_sponzor) values (12, 3);
insert into micky_to_sponzor (id_vybaveni, id_sponzor) values (5, 24);

exec ZAPNI_CIZI_KLICE;

